Testbed,Query,MAP,NDCG,MAPwithBRF,NDCGwithBRF
1,1,1.0,0.9256180470797137
1,2,0.3970238095238095,0.2655893099621254
1,3,0.4360714285714285,0.22687128727059278
1,4,0.7734920634920635,0.7917063341896683
1,5,0.8571031746031746,0.8473825580301495
2,1,0.27440476190476193,0.17554440492323456
2,2,0.6899206349206349,0.4431095174393951
2,3,0.7880952380952382,0.527785427618456
2,4,0.25107142857142856,0.2549701571955799
2,5,0.40857142857142853,0.217554947796521
